--------------------------------------------------------
--  File created - Friday-December-01-2017   
--------------------------------------------------------
DROP TABLE "CHRISTY"."MSI_USER" cascade constraints;
--------------------------------------------------------
--  DDL for Table MSI_USER
--------------------------------------------------------

  CREATE TABLE "CHRISTY"."MSI_USER" 
   (	"USERNAME" VARCHAR2(100 BYTE), 
	"PASSWORD" VARCHAR2(100 BYTE), 
	"ID" NUMBER, 
	"USERFIRSTNAME" VARCHAR2(30 BYTE), 
	"USERLASTNAME" VARCHAR2(20 BYTE), 
	"ADDRESS" VARCHAR2(50 BYTE), 
	"CITY" VARCHAR2(20 BYTE), 
	"STATE" VARCHAR2(20 BYTE), 
	"ZIPCODE" VARCHAR2(20 BYTE), 
	"CHECKING_ACCOUNT" VARCHAR2(20 BYTE), 
	"SAVING_ACCOUNT" VARCHAR2(20 BYTE)
   ) SEGMENT CREATION IMMEDIATE 
  PCTFREE 10 PCTUSED 40 INITRANS 1 MAXTRANS 255 NOCOMPRESS LOGGING
  STORAGE(INITIAL 65536 NEXT 1048576 MINEXTENTS 1 MAXEXTENTS 2147483645
  PCTINCREASE 0 FREELISTS 1 FREELIST GROUPS 1 BUFFER_POOL DEFAULT FLASH_CACHE DEFAULT CELL_FLASH_CACHE DEFAULT)
  TABLESPACE "SYSTEM" ;
REM INSERTING into CHRISTY.MSI_USER
SET DEFINE OFF;
Insert into CHRISTY.MSI_USER (USERNAME,PASSWORD,ID,USERFIRSTNAME,USERLASTNAME,ADDRESS,CITY,STATE,ZIPCODE,CHECKING_ACCOUNT,SAVING_ACCOUNT) values ('bob','$2a$11$q1sf5mUd1XwOmn6JQu6Zme0vs.ovSe2wU8TqlCFkcpOs89RUgObXG',1,'Bob',null,null,null,null,null,null,null);
Insert into CHRISTY.MSI_USER (USERNAME,PASSWORD,ID,USERFIRSTNAME,USERLASTNAME,ADDRESS,CITY,STATE,ZIPCODE,CHECKING_ACCOUNT,SAVING_ACCOUNT) values ('admin','$2a$11$MUm8qXqbWK0F3NqPoZzGme7lsCzuj7gROE5PWpqjwQ/1p7czRx3Ae',2,'Admin',null,null,null,null,null,null,null);
Insert into CHRISTY.MSI_USER (USERNAME,PASSWORD,ID,USERFIRSTNAME,USERLASTNAME,ADDRESS,CITY,STATE,ZIPCODE,CHECKING_ACCOUNT,SAVING_ACCOUNT) values ('user','$2a$11$GFOqKK8jG3xG0aM4pOHjr.V3pa504tSDUAu6sm6sfFH3vegtEqfcS',3,'User',null,null,null,null,null,null,null);
Insert into CHRISTY.MSI_USER (USERNAME,PASSWORD,ID,USERFIRSTNAME,USERLASTNAME,ADDRESS,CITY,STATE,ZIPCODE,CHECKING_ACCOUNT,SAVING_ACCOUNT) values ('robert','$2a$11$Up/ez.ZkxAasRWbh6RtBpOlgAA2KvlSu3Jxh/GvAk28ypWSB34sle',16,'Robert',null,null,null,null,null,null,null);
Insert into CHRISTY.MSI_USER (USERNAME,PASSWORD,ID,USERFIRSTNAME,USERLASTNAME,ADDRESS,CITY,STATE,ZIPCODE,CHECKING_ACCOUNT,SAVING_ACCOUNT) values ('testuser','$2a$11$0QS/zf4I99FkofNaY0vpPuO38r0KTgIlUvlIXmuMTI1uuOq/cnet2',15,'TestUser',null,null,null,null,null,null,null);
Insert into CHRISTY.MSI_USER (USERNAME,PASSWORD,ID,USERFIRSTNAME,USERLASTNAME,ADDRESS,CITY,STATE,ZIPCODE,CHECKING_ACCOUNT,SAVING_ACCOUNT) values ('keanu','$2a$11$pODsFcnJAJuJxsHCKE3eYOGP8GPNz5/MQ3U8KuAs.ztpmatOg9B.C',13,'Keanu',null,null,null,null,null,null,null);
Insert into CHRISTY.MSI_USER (USERNAME,PASSWORD,ID,USERFIRSTNAME,USERLASTNAME,ADDRESS,CITY,STATE,ZIPCODE,CHECKING_ACCOUNT,SAVING_ACCOUNT) values ('robot','$2a$11$XGajeTmCTwNR8LyL.BYT2uDgblLKeWH6D58iKK02k.FkP46v4o42G',17,'Robot',null,null,null,null,null,null,null);
Insert into CHRISTY.MSI_USER (USERNAME,PASSWORD,ID,USERFIRSTNAME,USERLASTNAME,ADDRESS,CITY,STATE,ZIPCODE,CHECKING_ACCOUNT,SAVING_ACCOUNT) values ('ccc','$2a$11$seBHJrdPzBFUZfsuuAfwbOZKO38HfSUdFOccaknfhU1Bc4i/GjC6u',29,null,null,null,null,null,null,null,null);
Insert into CHRISTY.MSI_USER (USERNAME,PASSWORD,ID,USERFIRSTNAME,USERLASTNAME,ADDRESS,CITY,STATE,ZIPCODE,CHECKING_ACCOUNT,SAVING_ACCOUNT) values ('candy','$2a$11$ODUZgdlU2zdJuJYn.J2jTO9JEaKQkZKX.TggRG6rqAc8VLayW2fhy',27,'Candy',null,null,null,null,null,null,null);
Insert into CHRISTY.MSI_USER (USERNAME,PASSWORD,ID,USERFIRSTNAME,USERLASTNAME,ADDRESS,CITY,STATE,ZIPCODE,CHECKING_ACCOUNT,SAVING_ACCOUNT) values ('cccd','$2a$11$C8bscJJ2hpeH5DwR88817uDzwVOqQKpo9DpdHQLRnh4T8eQnFQSQW',30,null,null,null,null,null,null,null,null);
Insert into CHRISTY.MSI_USER (USERNAME,PASSWORD,ID,USERFIRSTNAME,USERLASTNAME,ADDRESS,CITY,STATE,ZIPCODE,CHECKING_ACCOUNT,SAVING_ACCOUNT) values ('candy1','$2a$11$WoGKo5UfU/r.L5sHAKEoH.NvfJ36XqccQ9l1FSlCviS6ZCUAAfnK6',28,'Candy',null,null,null,null,null,null,null);
Insert into CHRISTY.MSI_USER (USERNAME,PASSWORD,ID,USERFIRSTNAME,USERLASTNAME,ADDRESS,CITY,STATE,ZIPCODE,CHECKING_ACCOUNT,SAVING_ACCOUNT) values ('candy2','$2a$11$vfgCQ3KTcEZCutKTB0fmUuGsxR8xZ3CAuEmLeEU/pZ9B7GUd7GArm',31,'Candy',null,null,null,null,null,null,null);
--------------------------------------------------------
--  DDL for Index MSI_USER_PK
--------------------------------------------------------

  CREATE UNIQUE INDEX "CHRISTY"."MSI_USER_PK" ON "CHRISTY"."MSI_USER" ("ID") 
  PCTFREE 10 INITRANS 2 MAXTRANS 255 COMPUTE STATISTICS 
  STORAGE(INITIAL 65536 NEXT 1048576 MINEXTENTS 1 MAXEXTENTS 2147483645
  PCTINCREASE 0 FREELISTS 1 FREELIST GROUPS 1 BUFFER_POOL DEFAULT FLASH_CACHE DEFAULT CELL_FLASH_CACHE DEFAULT)
  TABLESPACE "SYSTEM" ;
--------------------------------------------------------
--  DDL for Index MSI_USER_UK1
--------------------------------------------------------

  CREATE UNIQUE INDEX "CHRISTY"."MSI_USER_UK1" ON "CHRISTY"."MSI_USER" ("USERNAME") 
  PCTFREE 10 INITRANS 2 MAXTRANS 255 COMPUTE STATISTICS 
  STORAGE(INITIAL 65536 NEXT 1048576 MINEXTENTS 1 MAXEXTENTS 2147483645
  PCTINCREASE 0 FREELISTS 1 FREELIST GROUPS 1 BUFFER_POOL DEFAULT FLASH_CACHE DEFAULT CELL_FLASH_CACHE DEFAULT)
  TABLESPACE "SYSTEM" ;
--------------------------------------------------------
--  DDL for Trigger MSI_USER_TRG
--------------------------------------------------------

  CREATE OR REPLACE TRIGGER "CHRISTY"."MSI_USER_TRG" 
BEFORE INSERT ON MSI_USER 
FOR EACH ROW 
BEGIN
  <<COLUMN_SEQUENCES>>
  BEGIN
    NULL;
  END COLUMN_SEQUENCES;
END;
/
ALTER TRIGGER "CHRISTY"."MSI_USER_TRG" ENABLE;
--------------------------------------------------------
--  Constraints for Table MSI_USER
--------------------------------------------------------

  ALTER TABLE "CHRISTY"."MSI_USER" ADD CONSTRAINT "MSI_USER_UK1" UNIQUE ("USERNAME")
  USING INDEX PCTFREE 10 INITRANS 2 MAXTRANS 255 COMPUTE STATISTICS 
  STORAGE(INITIAL 65536 NEXT 1048576 MINEXTENTS 1 MAXEXTENTS 2147483645
  PCTINCREASE 0 FREELISTS 1 FREELIST GROUPS 1 BUFFER_POOL DEFAULT FLASH_CACHE DEFAULT CELL_FLASH_CACHE DEFAULT)
  TABLESPACE "SYSTEM"  ENABLE;
  ALTER TABLE "CHRISTY"."MSI_USER" ADD CONSTRAINT "MSI_USER_PK" PRIMARY KEY ("ID")
  USING INDEX PCTFREE 10 INITRANS 2 MAXTRANS 255 COMPUTE STATISTICS 
  STORAGE(INITIAL 65536 NEXT 1048576 MINEXTENTS 1 MAXEXTENTS 2147483645
  PCTINCREASE 0 FREELISTS 1 FREELIST GROUPS 1 BUFFER_POOL DEFAULT FLASH_CACHE DEFAULT CELL_FLASH_CACHE DEFAULT)
  TABLESPACE "SYSTEM"  ENABLE;
  ALTER TABLE "CHRISTY"."MSI_USER" MODIFY ("ID" NOT NULL ENABLE);
  ALTER TABLE "CHRISTY"."MSI_USER" MODIFY ("PASSWORD" NOT NULL ENABLE);
  ALTER TABLE "CHRISTY"."MSI_USER" MODIFY ("USERNAME" NOT NULL ENABLE);
  
  --------------------------------------------------------
--  File created - Friday-December-01-2017   
--------------------------------------------------------
DROP TABLE "CHRISTY"."MSI_USER_INFO" cascade constraints;
DROP TABLE "CHRISTY"."MSI_USER" cascade constraints;
--------------------------------------------------------
--  DDL for Table MSI_USER_INFO
--------------------------------------------------------

  CREATE TABLE "CHRISTY"."MSI_USER_INFO" 
   (	"FIRSTNAME" VARCHAR2(20 BYTE), 
	"LASTNAME" VARCHAR2(20 BYTE), 
	"ADDRESS" VARCHAR2(100 BYTE), 
	"CITY" VARCHAR2(20 BYTE), 
	"STATE" VARCHAR2(20 BYTE), 
	"ZIPCODE" NUMBER(5,0), 
	"USER_ID" NUMBER, 
	"USERNAME" VARCHAR2(20 BYTE), 
	"CHECKING_ACCOUNT" VARCHAR2(20 BYTE), 
	"SAVING_ACCOUNT" VARCHAR2(20 BYTE)
   ) SEGMENT CREATION IMMEDIATE 
  PCTFREE 10 PCTUSED 40 INITRANS 1 MAXTRANS 255 NOCOMPRESS LOGGING
  STORAGE(INITIAL 65536 NEXT 1048576 MINEXTENTS 1 MAXEXTENTS 2147483645
  PCTINCREASE 0 FREELISTS 1 FREELIST GROUPS 1 BUFFER_POOL DEFAULT FLASH_CACHE DEFAULT CELL_FLASH_CACHE DEFAULT)
  TABLESPACE "SYSTEM" ;
--------------------------------------------------------
--  DDL for Table MSI_USER
--------------------------------------------------------

  CREATE TABLE "CHRISTY"."MSI_USER" 
   (	"USERNAME" VARCHAR2(100 BYTE), 
	"PASSWORD" VARCHAR2(100 BYTE), 
	"ID" NUMBER, 
	"USERFIRSTNAME" VARCHAR2(30 BYTE), 
	"USERLASTNAME" VARCHAR2(20 BYTE), 
	"ADDRESS" VARCHAR2(50 BYTE), 
	"CITY" VARCHAR2(20 BYTE), 
	"STATE" VARCHAR2(20 BYTE), 
	"ZIPCODE" VARCHAR2(20 BYTE), 
	"CHECKING_ACCOUNT" VARCHAR2(20 BYTE), 
	"SAVING_ACCOUNT" VARCHAR2(20 BYTE)
   ) SEGMENT CREATION IMMEDIATE 
  PCTFREE 10 PCTUSED 40 INITRANS 1 MAXTRANS 255 NOCOMPRESS LOGGING
  STORAGE(INITIAL 65536 NEXT 1048576 MINEXTENTS 1 MAXEXTENTS 2147483645
  PCTINCREASE 0 FREELISTS 1 FREELIST GROUPS 1 BUFFER_POOL DEFAULT FLASH_CACHE DEFAULT CELL_FLASH_CACHE DEFAULT)
  TABLESPACE "SYSTEM" ;
REM INSERTING into CHRISTY.MSI_USER_INFO
SET DEFINE OFF;
Insert into CHRISTY.MSI_USER_INFO (FIRSTNAME,LASTNAME,ADDRESS,CITY,STATE,ZIPCODE,USER_ID,USERNAME,CHECKING_ACCOUNT,SAVING_ACCOUNT) values ('Bob','Wang','12345 ABC ROAD','New York City','NY',56748,1,'bob',null,null);
Insert into CHRISTY.MSI_USER_INFO (FIRSTNAME,LASTNAME,ADDRESS,CITY,STATE,ZIPCODE,USER_ID,USERNAME,CHECKING_ACCOUNT,SAVING_ACCOUNT) values ('Admin','Stark','88888 Maple Road','Princeton','NJ',22290,2,'admin',null,null);
Insert into CHRISTY.MSI_USER_INFO (FIRSTNAME,LASTNAME,ADDRESS,CITY,STATE,ZIPCODE,USER_ID,USERNAME,CHECKING_ACCOUNT,SAVING_ACCOUNT) values ('testuser','Lee','12345 Cloud Castle','Maio Land','SM',88888,15,'testuser',null,null);
Insert into CHRISTY.MSI_USER_INFO (FIRSTNAME,LASTNAME,ADDRESS,CITY,STATE,ZIPCODE,USER_ID,USERNAME,CHECKING_ACCOUNT,SAVING_ACCOUNT) values ('Kesnu','Reeves','3355 Parkway ','San Francisco','CA',66331,13,'keanu',null,null);
Insert into CHRISTY.MSI_USER_INFO (FIRSTNAME,LASTNAME,ADDRESS,CITY,STATE,ZIPCODE,USER_ID,USERNAME,CHECKING_ACCOUNT,SAVING_ACCOUNT) values ('Robert','Shi','12345 Independence Way','Princeton','NJ',56789,16,'robert',null,null);
Insert into CHRISTY.MSI_USER_INFO (FIRSTNAME,LASTNAME,ADDRESS,CITY,STATE,ZIPCODE,USER_ID,USERNAME,CHECKING_ACCOUNT,SAVING_ACCOUNT) values ('Candy','Crush','1234 Potato Land','Kindom','WA',33333,27,'candy',null,null);
--------------------------------------------------------
--  DDL for Index MSI_USER_INFO_PK1
--------------------------------------------------------

  CREATE UNIQUE INDEX "CHRISTY"."MSI_USER_INFO_PK1" ON "CHRISTY"."MSI_USER_INFO" ("USERNAME") 
  PCTFREE 10 INITRANS 2 MAXTRANS 255 COMPUTE STATISTICS 
  STORAGE(INITIAL 65536 NEXT 1048576 MINEXTENTS 1 MAXEXTENTS 2147483645
  PCTINCREASE 0 FREELISTS 1 FREELIST GROUPS 1 BUFFER_POOL DEFAULT FLASH_CACHE DEFAULT CELL_FLASH_CACHE DEFAULT)
  TABLESPACE "SYSTEM" ;
--------------------------------------------------------
--  Constraints for Table MSI_USER_INFO
--------------------------------------------------------

  ALTER TABLE "CHRISTY"."MSI_USER_INFO" ADD CONSTRAINT "MSI_USER_INFO_PK" PRIMARY KEY ("USERNAME")
  USING INDEX PCTFREE 10 INITRANS 2 MAXTRANS 255 COMPUTE STATISTICS 
  STORAGE(INITIAL 65536 NEXT 1048576 MINEXTENTS 1 MAXEXTENTS 2147483645
  PCTINCREASE 0 FREELISTS 1 FREELIST GROUPS 1 BUFFER_POOL DEFAULT FLASH_CACHE DEFAULT CELL_FLASH_CACHE DEFAULT)
  TABLESPACE "SYSTEM"  ENABLE;
  ALTER TABLE "CHRISTY"."MSI_USER_INFO" MODIFY ("USERNAME" NOT NULL ENABLE);
--------------------------------------------------------
--  File created - Friday-December-01-2017   
--------------------------------------------------------
DROP TABLE "CHRISTY"."MSI_USER_MSI_USER_PROFILE" cascade constraints;
DROP TABLE "CHRISTY"."MSI_USER" cascade constraints;
--------------------------------------------------------
--  DDL for Table MSI_USER_MSI_USER_PROFILE
--------------------------------------------------------



  CREATE TABLE "CHRISTY"."MSI_USER_PROFILE" 
   (	"ID" NUMBER, 
	"TYPE" VARCHAR2(100 BYTE)
   ) SEGMENT CREATION IMMEDIATE 
  PCTFREE 10 PCTUSED 40 INITRANS 1 MAXTRANS 255 NOCOMPRESS LOGGING
  STORAGE(INITIAL 65536 NEXT 1048576 MINEXTENTS 1 MAXEXTENTS 2147483645
  PCTINCREASE 0 FREELISTS 1 FREELIST GROUPS 1 BUFFER_POOL DEFAULT FLASH_CACHE DEFAULT CELL_FLASH_CACHE DEFAULT)
  TABLESPACE "SYSTEM" ;
--------------------------------------------------------
--  DDL for Sequence MSI_USER_PROFILE_SEQ
--------------------------------------------------------

   CREATE SEQUENCE  "CHRISTY"."MSI_USER_PROFILE_SEQ"  MINVALUE 1 MAXVALUE 9999999999999999999999999999 INCREMENT BY 1 START WITH 10 CACHE 20 NOORDER  NOCYCLE ;
REM INSERTING into CHRISTY.MSI_USER_PROFILE
SET DEFINE OFF;
Insert into CHRISTY.MSI_USER_PROFILE (ID,TYPE) values (1,'ROLE_ADMIN');
Insert into CHRISTY.MSI_USER_PROFILE (ID,TYPE) values (2,'ROLE_USER');
--------------------------------------------------------
--  DDL for Index MSI_USER_PROFILE_PK
--------------------------------------------------------

  CREATE UNIQUE INDEX "CHRISTY"."MSI_USER_PROFILE_PK" ON "CHRISTY"."MSI_USER_PROFILE" ("ID") 
  PCTFREE 10 INITRANS 2 MAXTRANS 255 COMPUTE STATISTICS 
  STORAGE(INITIAL 65536 NEXT 1048576 MINEXTENTS 1 MAXEXTENTS 2147483645
  PCTINCREASE 0 FREELISTS 1 FREELIST GROUPS 1 BUFFER_POOL DEFAULT FLASH_CACHE DEFAULT CELL_FLASH_CACHE DEFAULT)
  TABLESPACE "SYSTEM" ;
--------------------------------------------------------
--  DDL for Index MSI_USER_PROFILE_UK1
--------------------------------------------------------

  CREATE UNIQUE INDEX "CHRISTY"."MSI_USER_PROFILE_UK1" ON "CHRISTY"."MSI_USER_PROFILE" ("TYPE") 
  PCTFREE 10 INITRANS 2 MAXTRANS 255 COMPUTE STATISTICS 
  STORAGE(INITIAL 65536 NEXT 1048576 MINEXTENTS 1 MAXEXTENTS 2147483645
  PCTINCREASE 0 FREELISTS 1 FREELIST GROUPS 1 BUFFER_POOL DEFAULT FLASH_CACHE DEFAULT CELL_FLASH_CACHE DEFAULT)
  TABLESPACE "SYSTEM" ;
--------------------------------------------------------
--  DDL for Trigger MSI_USER_PROFILE_TRG
--------------------------------------------------------

  CREATE OR REPLACE TRIGGER "CHRISTY"."MSI_USER_PROFILE_TRG" 
BEFORE INSERT ON MSI_USER_PROFILE 
FOR EACH ROW 
BEGIN
  <<COLUMN_SEQUENCES>>
  BEGIN
    IF INSERTING AND :NEW.ID IS NULL THEN
      SELECT MSI_USER_PROFILE_SEQ.NEXTVAL INTO :NEW.ID FROM SYS.DUAL;
    END IF;
  END COLUMN_SEQUENCES;
END;


/
ALTER TRIGGER "CHRISTY"."MSI_USER_PROFILE_TRG" ENABLE;
--------------------------------------------------------
--  Constraints for Table MSI_USER_PROFILE
--------------------------------------------------------

  ALTER TABLE "CHRISTY"."MSI_USER_PROFILE" ADD CONSTRAINT "MSI_USER_PROFILE_UK1" UNIQUE ("TYPE")
  USING INDEX PCTFREE 10 INITRANS 2 MAXTRANS 255 COMPUTE STATISTICS 
  STORAGE(INITIAL 65536 NEXT 1048576 MINEXTENTS 1 MAXEXTENTS 2147483645
  PCTINCREASE 0 FREELISTS 1 FREELIST GROUPS 1 BUFFER_POOL DEFAULT FLASH_CACHE DEFAULT CELL_FLASH_CACHE DEFAULT)
  TABLESPACE "SYSTEM"  ENABLE;
  ALTER TABLE "CHRISTY"."MSI_USER_PROFILE" ADD CONSTRAINT "MSI_USER_PROFILE_PK" PRIMARY KEY ("ID")
  USING INDEX PCTFREE 10 INITRANS 2 MAXTRANS 255 COMPUTE STATISTICS 
  STORAGE(INITIAL 65536 NEXT 1048576 MINEXTENTS 1 MAXEXTENTS 2147483645
  PCTINCREASE 0 FREELISTS 1 FREELIST GROUPS 1 BUFFER_POOL DEFAULT FLASH_CACHE DEFAULT CELL_FLASH_CACHE DEFAULT)
  TABLESPACE "SYSTEM"  ENABLE;
  ALTER TABLE "CHRISTY"."MSI_USER_PROFILE" MODIFY ("TYPE" NOT NULL ENABLE);
  ALTER TABLE "CHRISTY"."MSI_USER_PROFILE" MODIFY ("ID" NOT NULL ENABLE);

    CREATE TABLE "CHRISTY"."MSI_USER_MSI_USER_PROFILE" 
   (	"ID" NUMBER, 
	"USER_ID" NUMBER, 
	"USER_PROFILE_ID" NUMBER, 
	"USER_FIRSTNAME" VARCHAR2(20 BYTE)
   ) SEGMENT CREATION IMMEDIATE 
  PCTFREE 10 PCTUSED 40 INITRANS 1 MAXTRANS 255 NOCOMPRESS LOGGING
  STORAGE(INITIAL 65536 NEXT 1048576 MINEXTENTS 1 MAXEXTENTS 2147483645
  PCTINCREASE 0 FREELISTS 1 FREELIST GROUPS 1 BUFFER_POOL DEFAULT FLASH_CACHE DEFAULT CELL_FLASH_CACHE DEFAULT)
  TABLESPACE "SYSTEM" ;
--------------------------------------------------------
--  DDL for Table MSI_USER
--------------------------------------------------------

  CREATE TABLE "CHRISTY"."MSI_USER" 
   (	"USERNAME" VARCHAR2(100 BYTE), 
	"PASSWORD" VARCHAR2(100 BYTE), 
	"ID" NUMBER, 
	"USERFIRSTNAME" VARCHAR2(30 BYTE), 
	"USERLASTNAME" VARCHAR2(20 BYTE), 
	"ADDRESS" VARCHAR2(50 BYTE), 
	"CITY" VARCHAR2(20 BYTE), 
	"STATE" VARCHAR2(20 BYTE), 
	"ZIPCODE" VARCHAR2(20 BYTE), 
	"CHECKING_ACCOUNT" VARCHAR2(20 BYTE), 
	"SAVING_ACCOUNT" VARCHAR2(20 BYTE)
   ) SEGMENT CREATION IMMEDIATE 
  PCTFREE 10 PCTUSED 40 INITRANS 1 MAXTRANS 255 NOCOMPRESS LOGGING
  STORAGE(INITIAL 65536 NEXT 1048576 MINEXTENTS 1 MAXEXTENTS 2147483645
  PCTINCREASE 0 FREELISTS 1 FREELIST GROUPS 1 BUFFER_POOL DEFAULT FLASH_CACHE DEFAULT CELL_FLASH_CACHE DEFAULT)
  TABLESPACE "SYSTEM" ;
--------------------------------------------------------
--  DDL for Sequence MSI_USER_MSI_USER_PROFILE_SEQ
--------------------------------------------------------

   CREATE SEQUENCE  "CHRISTY"."MSI_USER_MSI_USER_PROFILE_SEQ"  MINVALUE 1 MAXVALUE 9999999999999999999999999999 INCREMENT BY 1 START WITH 30 CACHE 20 NOORDER  NOCYCLE ;
REM INSERTING into CHRISTY.MSI_USER_MSI_USER_PROFILE
SET DEFINE OFF;
Insert into CHRISTY.MSI_USER_MSI_USER_PROFILE (ID,USER_ID,USER_PROFILE_ID,USER_FIRSTNAME) values (1,1,1,null);
Insert into CHRISTY.MSI_USER_MSI_USER_PROFILE (ID,USER_ID,USER_PROFILE_ID,USER_FIRSTNAME) values (2,2,1,null);
Insert into CHRISTY.MSI_USER_MSI_USER_PROFILE (ID,USER_ID,USER_PROFILE_ID,USER_FIRSTNAME) values (3,3,2,null);
Insert into CHRISTY.MSI_USER_MSI_USER_PROFILE (ID,USER_ID,USER_PROFILE_ID,USER_FIRSTNAME) values (16,17,2,null);
Insert into CHRISTY.MSI_USER_MSI_USER_PROFILE (ID,USER_ID,USER_PROFILE_ID,USER_FIRSTNAME) values (14,15,2,null);
Insert into CHRISTY.MSI_USER_MSI_USER_PROFILE (ID,USER_ID,USER_PROFILE_ID,USER_FIRSTNAME) values (12,13,2,null);
Insert into CHRISTY.MSI_USER_MSI_USER_PROFILE (ID,USER_ID,USER_PROFILE_ID,USER_FIRSTNAME) values (15,16,2,null);
Insert into CHRISTY.MSI_USER_MSI_USER_PROFILE (ID,USER_ID,USER_PROFILE_ID,USER_FIRSTNAME) values (22,29,2,null);
Insert into CHRISTY.MSI_USER_MSI_USER_PROFILE (ID,USER_ID,USER_PROFILE_ID,USER_FIRSTNAME) values (23,30,2,null);
Insert into CHRISTY.MSI_USER_MSI_USER_PROFILE (ID,USER_ID,USER_PROFILE_ID,USER_FIRSTNAME) values (20,27,2,null);
Insert into CHRISTY.MSI_USER_MSI_USER_PROFILE (ID,USER_ID,USER_PROFILE_ID,USER_FIRSTNAME) values (21,28,2,null);
Insert into CHRISTY.MSI_USER_MSI_USER_PROFILE (ID,USER_ID,USER_PROFILE_ID,USER_FIRSTNAME) values (24,31,2,null);
--------------------------------------------------------
--  DDL for Index MSI_USER_MSI_USER_PROFILE_PK
--------------------------------------------------------

  CREATE UNIQUE INDEX "CHRISTY"."MSI_USER_MSI_USER_PROFILE_PK" ON "CHRISTY"."MSI_USER_MSI_USER_PROFILE" ("ID") 
  PCTFREE 10 INITRANS 2 MAXTRANS 255 COMPUTE STATISTICS 
  STORAGE(INITIAL 65536 NEXT 1048576 MINEXTENTS 1 MAXEXTENTS 2147483645
  PCTINCREASE 0 FREELISTS 1 FREELIST GROUPS 1 BUFFER_POOL DEFAULT FLASH_CACHE DEFAULT CELL_FLASH_CACHE DEFAULT)
  TABLESPACE "SYSTEM" ;
--------------------------------------------------------
--  DDL for Trigger MSI_USER_MSI_USER_PROFILE_TRG
--------------------------------------------------------

  CREATE OR REPLACE TRIGGER "CHRISTY"."MSI_USER_MSI_USER_PROFILE_TRG" 
BEFORE INSERT ON MSI_USER_MSI_USER_PROFILE 
FOR EACH ROW 
BEGIN
  <<COLUMN_SEQUENCES>>
  BEGIN
    IF INSERTING AND :NEW.ID IS NULL THEN
      SELECT MSI_USER_MSI_USER_PROFILE_SEQ.NEXTVAL INTO :NEW.ID FROM SYS.DUAL;
    END IF;
  END COLUMN_SEQUENCES;
END;
/
ALTER TRIGGER "CHRISTY"."MSI_USER_MSI_USER_PROFILE_TRG" ENABLE;
--------------------------------------------------------
--  Constraints for Table MSI_USER_MSI_USER_PROFILE
--------------------------------------------------------

  ALTER TABLE "CHRISTY"."MSI_USER_MSI_USER_PROFILE" ADD CONSTRAINT "MSI_USER_MSI_USER_PROFILE_PK" PRIMARY KEY ("ID")
  USING INDEX PCTFREE 10 INITRANS 2 MAXTRANS 255 COMPUTE STATISTICS 
  STORAGE(INITIAL 65536 NEXT 1048576 MINEXTENTS 1 MAXEXTENTS 2147483645
  PCTINCREASE 0 FREELISTS 1 FREELIST GROUPS 1 BUFFER_POOL DEFAULT FLASH_CACHE DEFAULT CELL_FLASH_CACHE DEFAULT)
  TABLESPACE "SYSTEM"  ENABLE;
  ALTER TABLE "CHRISTY"."MSI_USER_MSI_USER_PROFILE" MODIFY ("USER_PROFILE_ID" NOT NULL ENABLE);
  ALTER TABLE "CHRISTY"."MSI_USER_MSI_USER_PROFILE" MODIFY ("USER_ID" NOT NULL ENABLE);
  ALTER TABLE "CHRISTY"."MSI_USER_MSI_USER_PROFILE" MODIFY ("ID" NOT NULL ENABLE);

  --------------------------------------------------------
--  File created - Friday-December-01-2017   
--------------------------------------------------------
DROP TABLE "CHRISTY"."MSI_USER_PROFILE" cascade constraints;
--------------------------------------------------------
--  DDL for Table MSI_USER_PROFILE
--------------------------------------------------------
